{
  "path_a": {
    "summary": {
      "accuracy_mean": 0.95,
      "accuracy_std": 0.06846531968814575,
      "precision_mean": 0.9512820512820512,
      "precision_std": 0.0738710784148099,
      "recall_mean": 0.95,
      "recall_std": 0.07453559924999298,
      "f1_mean": 0.9499710144927537,
      "f1_std": 0.0684719650506658,
      "mcc_mean": 0.9012798177364534,
      "mcc_std": 0.13713641698767018,
      "roc_auc_mean": 0.9777777777777779,
      "roc_auc_std": 0.03380739290177248,
      "sensitivity_mean": 0.95,
      "sensitivity_std": 0.07453559924999298,
      "specificity_mean": 0.95,
      "specificity_std": 0.07453559924999298
    },
    "n_folds": 5
  },
  "path_b": {
    "summary": {},
    "n_folds": 0
  },
  "path_b_filter_ttest": {
    "summary": {
      "accuracy_mean": 0.95,
      "accuracy_std": 0.045643546458763846,
      "precision_mean": 0.9664335664335665,
      "precision_std": 0.04622795491199555,
      "recall_mean": 0.9333333333333332,
      "recall_std": 0.06972166887783962,
      "f1_mean": 0.9485217391304348,
      "f1_std": 0.04781185559013209,
      "mcc_mean": 0.9024432884059562,
      "mcc_std": 0.09065823314835404,
      "roc_auc_mean": 0.9875,
      "roc_auc_std": 0.02425590166190692,
      "sensitivity_mean": 0.9333333333333332,
      "sensitivity_std": 0.06972166887783962,
      "specificity_mean": 0.9666666666666666,
      "specificity_std": 0.04564354645876387
    },
    "n_folds": 5
  },
  "path_b_filter_anova": {
    "summary": {
      "accuracy_mean": 0.9583333333333334,
      "accuracy_std": 0.05103103630798288,
      "precision_mean": 0.9664335664335665,
      "precision_std": 0.04622795491199555,
      "recall_mean": 0.95,
      "recall_std": 0.07453559924999298,
      "f1_mean": 0.9572173913043478,
      "f1_std": 0.053272492077040094,
      "mcc_mean": 0.9184700462043963,
      "mcc_std": 0.1010013983414705,
      "roc_auc_mean": 0.9902777777777778,
      "roc_auc_std": 0.021739549781247976,
      "sensitivity_mean": 0.95,
      "sensitivity_std": 0.07453559924999298,
      "specificity_mean": 0.9666666666666666,
      "specificity_std": 0.04564354645876387
    },
    "n_folds": 5
  },
  "path_b_wrapper_svm": {
    "summary": {
      "accuracy_mean": 0.9583333333333334,
      "accuracy_std": 0.05103103630798288,
      "precision_mean": 0.9664335664335665,
      "precision_std": 0.04622795491199555,
      "recall_mean": 0.95,
      "recall_std": 0.07453559924999298,
      "f1_mean": 0.9572173913043478,
      "f1_std": 0.0532724920770401,
      "mcc_mean": 0.9184700462043963,
      "mcc_std": 0.1010013983414705,
      "roc_auc_mean": 0.9888888888888889,
      "roc_auc_std": 0.024845199749997673,
      "sensitivity_mean": 0.95,
      "sensitivity_std": 0.07453559924999298,
      "specificity_mean": 0.9666666666666666,
      "specificity_std": 0.04564354645876387
    },
    "n_folds": 5
  },
  "path_b_embedded_lasso": {
    "summary": {
      "accuracy_mean": 0.925,
      "accuracy_std": 0.09033118078616169,
      "precision_mean": 0.9384615384615385,
      "precision_std": 0.10029542161850227,
      "recall_mean": 0.9166666666666667,
      "recall_std": 0.11785113019775792,
      "f1_mean": 0.9234285714285715,
      "f1_std": 0.09040498451130775,
      "mcc_mean": 0.8559664574508494,
      "mcc_std": 0.17707223625289575,
      "roc_auc_mean": 0.9819444444444445,
      "roc_auc_std": 0.029298643207956904,
      "sensitivity_mean": 0.9166666666666667,
      "sensitivity_std": 0.11785113019775792,
      "specificity_mean": 0.9333333333333332,
      "specificity_std": 0.10865337342004415
    },
    "n_folds": 5
  }
}